{
  "total_nodes": 3,
  "total_duration_secs": 90,
  "total_interactions": 0,
  "nodes": [
    {
      "node_id": "node_0",
      "tick_count": 1,
      "sparse_updates_received": 0,
      "dense_snapshots_received": 0,
      "sparse_updates_sent": 0,
      "dense_snapshots_sent": 0,
      "connected_peers": 0,
      "model_version": 1,
      "model_hash": "0xac05ae2ca3d63e189cf4334640aa260d0eedf1de932cd151447499380e6df0ec"
    },
    {
      "node_id": "node_1",
      "tick_count": 1,
      "sparse_updates_received": 0,
      "dense_snapshots_received": 0,
      "sparse_updates_sent": 0,
      "dense_snapshots_sent": 0,
      "connected_peers": 0,
      "model_version": 1,
      "model_hash": "0x161e524609aef83a712303c4bfe3f91cf46ecb736b389eb9a59fa1492691d890"
    },
    {
      "node_id": "node_2",
      "tick_count": 1,
      "sparse_updates_received": 0,
      "dense_snapshots_received": 0,
      "sparse_updates_sent": 0,
      "dense_snapshots_sent": 0,
      "connected_peers": 0,
      "model_version": 1,
      "model_hash": "0x386f79f80ba117ea6362b6ff4ee60bdeda453f29165b4424b9c3f64083209db1"
    }
  ],
  "summary": {
    "avg_tick_count": 1.0,
    "avg_interactions": 0.0,
    "total_sparse_updates": 0,
    "total_dense_snapshots": 0,
    "avg_connected_peers": 0.0
  }
}